ship_type,shipname
Cargo,KAROLI
Cargo,KERLI
Cargo,FINNKRAFT
Cargo,FINNPULP
Cargo,MERI
Tanker,BALTICO
Tanker,SUULA
Unspecified,VTS HEL
Tug,SAR 111261105
Cargo,IDUNA
Cargo,WILSON SKY
Cargo,THURKUS
Cargo,ARETHOUSA
Cargo,TOLLUND
Tug,CRESTWAY
Cargo,SELENE PRAHM
Cargo,PHOENIX II
Cargo,VITIM
Tanker,MURRAY STAR
Cargo,MAERSKMCKINNEYMOLLER
Tanker,MARINUS
Cargo,ANGLIA SEAWAYS
Tanker,NEPTUNUS
Fishing,KAPITAN GERASHCHENKO
Tug,DC OSTEND
Cargo,KAREN C
Tug,BOA ODIN
Passenger,STENA BALTICA
Tug,EILEEN MCLOUGHLIN
Tug,MEWO NAVIGATOR
Tanker,ORAMALIA
Cargo,PHANTOM
Cargo,MULTIMAR
Cargo,LIV KRISTIN
Cargo,TRANSOSPREY
Tanker,MINERVA GEORGIA
Tanker,MINERVA ALICE
Cargo,SANDETTIE
Tanker,THUN GALAXY
Cargo,HENDRIKA MARGARETHA
Cargo,ENFORCER
Cargo,EMOTION
Cargo,TINA
Cargo,DONGEBORG
Cargo,LINGEDIJK
Cargo,THEA MARIEKE
Cargo,ALANA EVITA
Tanker,PRINS MAURITS
Passenger,SCOTTISH VIKING
Cargo,BOGDAN
Cargo,WILSON BILBAO
Tug,JAMES COOK
Tanker,LUKE
Cargo,AKACIA
Cargo,IRIS BOLTEN
Cargo,FREDERIK
Cargo,BALTIYSKIY-202
Tanker,MARY A
Tanker,SOLSTRAUM
Cargo,STAR ISFJORD
Tug,MAJA
Tug,TYTAN
Tug,OCEANIA
Tug,ARES
Tug,AGIS
Tug,ARGO
Tug,AJAKS
Tanker,HALICZ
Passenger,RUBIN
Tug,PILOT-5
Tug,TUCANA
Tanker,PORONIEC
Tug,IKAR
Fishing,WLA 108
Fishing,LEB-7
Tug,INZ. ST. LEGOWSKI
Passenger,AGAT
Fishing,HEL-111
Fishing,HEL 112
Tug,SM PRC 112
Tug,SM PRC 105
Tug,SM PRC 108
Tug,SMPRC110
Tug,TAURUS
Fishing,KAPER-2 SG-312
Tug,WIATR
Fishing,HEL-150
Fishing,HEL 23
Fishing,WLA 253
Fishing,JAS 102
Fishing,JAS-74
Fishing,JAS 78
Fishing,WLA-305
Fishing,GDA-20
Fishing,GDA-18
Fishing,JAS-64
Fishing,WLA-291
Fishing,JAS-80
Fishing,JAS 77
Fishing,JAS 31
Fishing,HEL-152
Fishing,WLA 51
Fishing,WLA-217
Fishing,WLA-197
Fishing,JAS 39
Fishing,JAS-12
Fishing,JAS 51
Tug,PILOT 20
Tug,PILOT21
Fishing,HEL-103
Fishing,HEL-102
Pleasure,LE VOYAGEUR
Fishing,JAS 76
Fishing,ZAG 31
Fishing,WLA 31
Fishing,WLA-207
Fishing,WLA-196
Fishing,WLA 60
Tug,HYDROGRAF 10
Pleasure,CHA-10
Cargo,SM-PRC-107
Tug,CENTAUR II
Fishing,WLA 80
Tug,KOL-110
Fishing,WLA-65
Pleasure,ANNA MARIA
Fishing,WLA-67
Tug,R-20
Tug,KONTROLER 19
Tug,ZAG-27
Pleasure,FILIPPO
Fishing,HEL-4
Fishing,KUZ-42
Pleasure,KAPITAN BORCHARDT
Pleasure,"KM ,TAN BORCHARDT"
Fishing,HEL-30
Fishing,WLA-84
Pleasure,MAGNUS ZAREMBA
Fishing,ZAG-21
Unspecified,KONTROLER 20
Pleasure,ANKAWER IV
Fishing,BALTICA
Tug,KAPITAN POINC
Tug,WEZYR 1
Tug,ZODIAK
Tanker,ROMANKA
Fishing,FRANEK ZUBRZYCKI
Tug,ZEUS
Tug,ORP BALTYK
Tug,ORP CZERNICKI
Tug,ORP ZBYSZKO
Tug,ORP ARCTOWSKI
Tug,HEWELIUSZ
Tug,WDZYDZE
Tug,ORP BIELIK
Pleasure,ZAWISZA CZARNY
Tug,IMOR
Tug,VIRTUS
Fishing,ORKA WLA-139
Tug,R3
Tug,AKUL
Cargo,VASTANVIK
Passenger,STENA VISION
Cargo,STENA FORERUNNER
Tanker,RAMONA
Cargo,NURI SONAY
Fishing,KAPITAN KRAVCHENKO
Cargo,SORMOVSKIY-3055
Cargo,OMSKIY-140
Fishing,BORIS SYROMYATNIKOV
Fishing,KURSHSKAYA KOSA
Fishing,LIRA
Fishing,AGNESE
Cargo,LIVA GRETA
Cargo,RIX STAR
Tug,VEGA
Cargo,DORNUM
Cargo,WIEBKE D
Cargo,LISA
Cargo,LISA D
Cargo,MARNE
Cargo,ASKOE
Cargo,WILSON HOLLA
Cargo,JSP ROVER
Cargo,MARIS
Cargo,BELIZIA
Cargo,RMS RAHM
Cargo,WILSON VOLOS
Cargo,ALEXANDER B
Tug,FAIRPLAY-26
Cargo,WES JANINE
Cargo,VENTURA
Cargo,FRI OCEAN
Cargo,BALTICA HAV
Cargo,MILAN EXPRESS
Cargo,JUNO
Cargo,GREEN MALOY
Passenger,STENA SPIRIT
Passenger,M/F WAWEL
Tanker,ASTERDEA
Cargo,SEASTAR ENDURANCE
Cargo,MSC MATILDE
Cargo,ATROTOS HERACLES
Cargo,SILVER FJORD
Cargo,LILY-B
Cargo,ROBIN WIND
Cargo,SANTA URSULA
Cargo,OCEAN VOYAGER
Tug,GRANIT
Tug,BAZALT
Tug,SERVAL
Cargo,NINA 1
Cargo,VICTORIA
Tanker,JOAN
Cargo,SCHUYLER TRADER
Cargo,HEINA
Cargo,GENCO THUNDER
Tanker,SONGA SAPPHIRE
Cargo,KYMOPOLIA
Cargo,LANTAU ARROW
Cargo,APL MERLION
Cargo,MOL QUINTET
Tanker,JS CHUKAR
Cargo,ROJAREK NAREE
Tanker,AMARANTH
Tug,SEVEN OSPREY
Tug,SYLUR
Cargo,YAMAL KRECHET
Cargo,CALISTO
Cargo,E.R. TALLINN
Navigation,BY NP
Navigation,P9 HYDRO METEO
Unspecified,BY ZS
Navigation,BY HEL
Navigation,BY GD
Tug,FAIRPLAY IV
Tug,SERWAL
Cargo,TANAIS
Tanker,ECO GREEN
Passenger,GLOMAR WAVE
Fishing,HEL 95
Fishing,JAS 61
Pleasure,NATALIA B
Fishing,DAR-10
Fishing,BOOTES
Unspecified,FULDA
Tug,SZTORM
Pleasure,NOROY
Tanker,NISSOS SCHINOUSSA
Tanker,HAFNIA SOYA
Fishing,PL ZAG-17
Tug,STRAZAK 6
Fishing,JAS-79
Pleasure,PIORUN
Tug,KOZIOROZEC-O-01
Tug,BUMER
Cargo,AGNETHE ARCTICA
Tanker,POLA
Fishing,HEL-6
Cargo,ARION
Tug,OCEANOGRAF
Fishing,OCEANOGRAF
Fishing,WLA 250
Tug,ORP KORMORAN
Cargo,PETER PAN
Pleasure,EMPATIA POLSKA
Tug,HERKULES
Pleasure,ATHENA
Fishing,PIA-96
Passenger,TOLL
Pleasure,EUPHORIA
Tug,BOA BISON
Unspecified,VTS 2614900
Cargo,CATHARINA SCHULTE
Tanker,SEAMARLIN
Fishing,CHRISTINA MICHELLE
Fishing,R 355 TRINE LOUISE
Fishing,R 222 BORNOE
Tug,OPAL
Tug,PILOT-3
Tug,ODYS
Tug,BBAS
Tug,KOL-48
Fishing,WLA-307
Fishing,WLA-209 BLANKA
Fishing,WLA-13O
Fishing,WLA 116
Fishing,WLA-254
Tug,NEPTUN W
Fishing,WLA-295
Fishing,WLA310
Fishing,.WLA-311
Fishing,WLA-311
Fishing,WLA-312
Fishing,WLA-184 HELOT
Fishing,WLA-22
Fishing,WLA-6
Fishing,DZI-92 ATILIUS
Fishing,WLA-32
Fishing,KOL-148
Fishing,DZI 85
Fishing,WLA 11
Fishing,WLA-39
Fishing,WLA182
Fishing,WLA-58
Cargo,K1
Fishing,KPT.WISNIEWSKI
Fishing,ANCILLA WLA-68
Pleasure,JUNA
Fishing,KOL-143
Pleasure,ORKA HEL
Tug,FAIRPLAY VII
Pleasure,WYSPA SZCZESCIA
Pleasure,WXA A SZCZESCIA
Pleasure,DAR MLODZIEZY
Tug,HORYZONT II
Tug,ORP MACKO
Tug,ORP FLAMING
Tug,BRYZA
Pleasure,MUSASHI M
Fishing,RUNAVIK GG 44
Fishing,KRISTINA
Fishing,NAUTILUS
Fishing,VITAS
Fishing,RONDO
Fishing,FENIKSS
Fishing,JURMALA
Fishing,MIKADON
Cargo,FRANCISCA
Cargo,ZBASTAR ENDURANCE
Tug,APHRODITE I
Cargo,FJORDVIK
Cargo,LORD BYRON
Tanker,TRANS HOLM
Fishing,HEL-125
Tug,BOA JARL
Pleasure,ARKUN
Fishing,WLA-85
Tug,KOL-149
Pleasure,HYDROMET
Tug,KAMBR
Unspecified,261535003
Pleasure,CARUZZI
Tanker,PALLAS GLORY
Tanker,FURE FLADEN
Tanker,BESIKTAS ICELAND
Cargo,RAMONA
Unspecified,VTS GAOTEBORG
Cargo,HELGE
Tug,SAR 111265121
Cargo,MELUSINE
Cargo,VICTORINE
Tanker,WAASMUNSTER
Tug,HUGIN EXPLORER
Cargo,ASTRORUNNER
Cargo,ARK FORWARDER
Cargo,HANNA
Cargo,BALTICA
Tanker,SEAEMPRESS
Fishing,KRISTIN
Fishing,VICTORIA
Cargo,WALTER HAMMANN
Cargo,AMANDA
Tanker,SCANDINAVIA
Tug,SUPPLIER
Tanker,TARNBRIS
Cargo,TENDER1
Tanker,PACIFIC
Tanker,TERNVAG
Tanker,TERNHAV
Tanker,LEXUS
Fishing,STELLA NOVA
Tanker,SCORPIUS
Tanker,NAUTILUS
Tanker,NIMBUS
Cargo,FREESIA SEAWAYS
Cargo,BEGONIA SEAWAYS
Cargo,MAGNOLIA SEAWAYS
Tanker,HANNE THERESA
Fishing,STJARNVIK
Cargo,PETUNIA SEAWAYS
Cargo,PRIMULA SEAWAYS
Cargo,FICARIA SEAWAYS
Cargo,BIRTHE BRES
Tanker,AALBORG
Tanker,COPENHAGEN
Tanker,VINGA SAFIR
Tanker,NORTHERN OCEAN
Cargo,TRADER BULK
Tanker,FURE NORD
Tug,FRANKLIN
Cargo,NAVEN
Tug,BOB
Tug,SVITZER ODEN
Tug,SVITZER TYR
Cargo,TIDAN
Cargo,EKEN
Tug,SVITZER GAIA
Tug,SVITZER GEO
Cargo,CITY OF ROME
Tanker,GIJON KNUTSEN
Cargo,ANINA
Cargo,ADELINA D
Pleasure,CELESTE OF SOLENT
Tanker,HELENA KOSAN
Unspecified,TAMINA SPIRIT
Tanker,MARIE KIRK
Tanker,KEY BREEZE
Tanker,BOTHNIA
Cargo,MSC AMY
Cargo,PINTA
Tanker,KEY BAY
Cargo,TASMAN
Tanker,KATELINA
Tanker,EURONIKE
Cargo,LURO
Cargo,LECKO
Cargo,FREYA
Cargo,ANJELIERSGRACHT
Tanker,CORAL STICHO
Cargo,CAROLINA
Cargo,PRISCILLA
Tanker,WISBY VERITY
Cargo,SKAGENBANK
Cargo,SOMERSET
Cargo,SLINGEBORG
Cargo,SCHIEBORG
Tanker,THUN GLORY
Tanker,CORAL MEANDRA
Cargo,GRANDE EUROPA
Tanker,INDIAN POINT
Tanker,PROCIDA
Cargo,GRANDE MEDITERRANEO
Tanker,AMUR STAR
Tanker,UMAR1
Tanker,TRANS FJELL
Tanker,PATRICIA
Tanker,PATANI
Tanker,VENERE
Tug,FROG RANA
Cargo,VIONA
Cargo,ANNAMARIE
Tanker,B GAS CHAMPION
Tug,RESCUE BERGESEN D.Y
Tanker,NORTHERN KATTEGAT
Tanker,CLIPPER HARALD
Tanker,EK-STAR
Tug,RESCUE B. RASMUSSEN
Cargo,HOEGH TRIDENT
Fishing,POLAR
Fishing,VASTFJORD II
Cargo,DANUBIA
Tug,BESS
Tug,SJOEBEFAELSSKOLAN
Pleasure,FURUNO SVERIGE AB
Passenger,STENA DANICA
Fishing,SKAGERAK
Passenger,ORIGO
Pleasure,WALONA
Cargo,GUTE
Passenger,STENA JUTLANDICA
Cargo,STOCKHOLM
Fishing,GINNETON
Passenger,HAMNEN
Tug,PILOT 729 SE
Tug,KBV 490
Passenger,NORDO III
Passenger,VESTA
Tug,PILOT 746 SE
Tug,PILOT 745 SE
Unspecified,SOUND CASTOR
Passenger,ALVSNABBEN 5
Passenger,ALVSNABBEN 4
Tug,PILOT 115 SE
Tug,KBV 048
Tug,ALVBJORN
Passenger,ADA
Passenger,BEDA
Passenger,GOTA
Passenger,MARIE
Pleasure,EAGLE
Passenger,NYA SKARGARDEN
Tug,RESCUE LARS LINDFELT
Tug,RESCUE MARTA COLLIN
Passenger,ARLAN
Passenger,ALVSNABBEN 3
Passenger,YLVA
Passenger,VIPAN
Passenger,SKARVEN
Passenger,SILVERTARNAN
Passenger,FROJA
Passenger,FJORDSKAR
Pleasure,NAWICA TRAINING SHIP
Tanker,TANKSKAR
Pleasure,CHESS ARCONA400
Pleasure,EXTREMARIUM
Tug,POLSTJARNAN IV
Pleasure,MANDALAY
Pleasure,PIMPIM
Tug,POLIS 59-3720
Passenger,SVANEN WEST
Pleasure,PENTA 80
Passenger,ALV VIRA AV GOTEBORG
Passenger,DIANA
Passenger,VIVI
Passenger,SVANHILD
Passenger,TRUBADUREN
Tanker,FRAM
Tug,INGEMAR
Tug,RESCUE LIVBOJEN
Pleasure,KRISTINA 5
Pleasure,SEA WIND
Cargo,SYLVEIA
Pleasure,ATLANTICA
Unspecified,NILS
Tug,KBV 475
Pleasure,SAXKRAN NR 2
Pleasure,HARMONIE II
Tug,SJOGRIP
Unspecified,SENSOR
Tanker,FOX LUNA
Tug,RESCUE HANS LAURIN
Pleasure,OM II AF GOTEBORG
Passenger,SILVANA
Tug,CRUM
Unspecified,0
Pleasure,TOOTIKI
Pleasure,EBBA HARD
Pleasure,EMM XXIII M23
Passenger,CARL MICHAEL BELLMAN
Passenger,ST ERIK
Pleasure,LA DOLCE VITA
Fishing,GG 668 SILVER
Tug,BATMAN 7
Cargo,JETTEN GBG STAD VA
Unspecified,FROG CYGNUS
Tug,ASKHOLMEN
Pleasure,YANIKI IV
High Special,POLIS 593790
Pleasure,MARY SWE
High Special,RIVO
High Special,VALO
Tug,DIRTY
Pleasure,MARISSA
Pleasure,GISELE
Pleasure,FLORO/HAMBURGSUND
Fishing,GG451 MIA
Tug,SOUND PROVIDER
Fishing,RODSKAR GG430
Tug,GOTE II
Tug,11-00
Tug,SEACURE
Tug,FATBOY
Tug,BOATMAN 9
Pleasure,JEWEL
Fishing,GG1206 DANO
Fishing,SKRAALLAN
Pleasure,LOUISE
Tug,KBV 316
Pleasure,ISADORA
Fishing,GG102 MAUDAN
Fishing,GG292 MARTINA
Pleasure,AQUILA
Pleasure,PAULA
Pleasure,HIFLYER
Pleasure,BLUE ADVENTURE
Tug,POLIS 59-3780
Fishing,GG 65 CORIOLA
Tug,RESCUE MARIANNE BRAT
Pleasure,PENTA 60
Fishing,GG 690 VINGASAND
Pleasure,PENTA 81
Fishing,RON
Fishing,BISCAYA GG34
Tug,GKSS-ONLINE
Fishing,SVANVIK
Pleasure,STORMFAGEL
Pleasure,MARELD
Pleasure,GREAT ESCAPE
Tanker,OLJAREN
Tug,TOFTE
Pleasure,BMJ WINDY 37
Fishing,ALVSBORG
Fishing,RANDI
Fishing,DANAFJORD
Fishing,VALOSKAR
Fishing,TOR-ON
Fishing,TORLAND
Tanker,PROSPERO
Fishing,SUNNANLAND
Tanker,ANGON
Unspecified,STORMCO
Unspecified,RAMANTENN
Pleasure,WWW.SSBILBEHOR.SE
Fishing,NAUTIC CENTER DEMO
Tug,OCKERO MARITIME 1
Tug,OCKERO MARITIME 2
Tug,K10
Cargo,ATLANTIC CARTIER
Fishing,ROSSO
Fishing,INGUN
Fishing,VINGAFJORD GG-173
Fishing,SVANEN
Fishing,GOTTSKAR
Fishing,GLITTFORS
Fishing,VERA C
Tug,GOTHEBORG
Tanker,FOX SUNRISE
Fishing,AHLMA
Tanker,NORDEN
Tanker,DANA
Cargo,THULELAND
Cargo,FAUST
Tug,KBV 001
Tug,KBV 497
Tug,KBV 494
Fishing,GANTHI
Tug,ICEBEAM
Tanker,WISBY WAVE
Fishing,VASTERLAND
Passenger,STENA GERMANICA
Tug,KBV 032
Passenger,STENA SCANDINAVICA
Fishing,CLIPPERTON
Fishing,CLIPPFJORD
Tug,BISON
Cargo,IDA H
Tug,U/F ASTERIX
Tanker,MOZART
Cargo,MITO STRAIT
Cargo,ICE RUNNER
Cargo,NORDIC ACE
Cargo,MINERVA
Cargo,JOMI
Cargo,BBS SKY
Tanker,GRENA KNUTSEN
Tanker,GAS GALAXY
Cargo,ANDALUCIA STAR
Cargo,ICELAND CEMENT
Cargo,SEROJA EMPAT
Cargo,NEWYORKER
Cargo,ASIAN VISION
Cargo,FEDERAL SATSUKI
Tanker,ELISALEX SCHULTE
Cargo,ASIAN BREEZE
Tanker,CORAL LACERA
Cargo,JONNI RITSCHER
Tug,M/S ALO
Tanker,NORDIC NORA
Tanker,AGATH
Tug,SAR 111265582
Passenger,LINDA
Passenger,ULRIKA
Passenger,BURO
Passenger,POLSTJERNAN
Tug,PILOT 218 SE
Passenger,GOTA II
Fishing,STRANNEFJORD
Fishing,SANDEFJORD
Unspecified,BARSWEEP ONE
Fishing,ENSKAR
Cargo,MSC OSCAR
Passenger,ALVELI
Tug,FROG TAURUS
Passenger,ALVFRIDA
Cargo,ASPEN
Tanker,THUN GOTHENBURG
Passenger,HAVSORNEN
Fishing,MARINA
Fishing,SONGVAR
Fishing,GG32 TRISTAN
Tanker,CLIPPER JUPITER
Passenger,LYRON
Tug,BJONN
Tanker,DELFIN
Tug,SSMB 2222 RAKETEN
Unspecified,NORTHERN WIND
Pleasure,BEDA
Cargo,LADY AMI
Fishing,EROS AV HONO
Pleasure,TARNTANK TEKNIK
Pleasure,LADY H
Fishing,MARINO
Fishing,LIZ
Tug,BOATMAN 1
Tug,CHARLIE
Passenger,HAKEFJORD
Tug,RESCUER AMBULANCE
Fishing,GG 38 TOVEN
Fishing,GG75 MANILL
Fishing,ULRIKA
Tug,SOUND SURVEYOR
Pleasure,TINDRA
Cargo,DT BROSON
Fishing,GG976 SVANFORS
Pleasure,LADY
Tug,SNOKEN
Passenger,DROTT AF DYRON
Pleasure,SEA BIRD
Pleasure,TRIPLE ESS
Fishing,KLONDYKE
Fishing,SAIBON LL1248
Unspecified,PURE ORANGE
Fishing,GG 391 ELISABETH
Pleasure,MUCKLE FLUGGA
Pleasure,ANNABELLA
Pleasure,DT SUPPLY
Pleasure,PICKNICK LAGOON 39
Pleasure,DAISY
Pleasure,KAXE
Fishing,LAGUN
Unspecified,SVITZER RAN
Fishing,GG43 ANNA
Tug,RESCUE 8-45
Pleasure,VIKING
Tug,TRELLE
Cargo,HELT
Tanker,BONITO
Unspecified,VTS BALTIYSK
Unspecified,VTS 2734488
Tug,DUKE 2
Cargo,BEATA
Tug,PETER THE GREAT
Tug,MERITUS
Cargo,MERITA
Tanker,PATRICIA ESSBERGER
Cargo,NORDIC PHILIP
Cargo,WILSON SUND
Tanker,SELANDIA SWAN
Cargo,AMBER SPIRIT
Tanker,KEY BORA
Tanker,KEY FJORD
Cargo,ARA ROTTERDAM
Cargo,FOREST
Tanker,AIGRAN D
Cargo,DINTELBORG
Tanker,STAR CURACAO
Tug,TIDEWAY ROLLINGSTONE
Cargo,STEENBANK
Tug,SEA GOLF
Cargo,AMELAND
Tug,NERO
Cargo,ZAMOSKVORECHYE
Cargo,FALKBRIS
Cargo,UFA
Cargo,NACC TORONTO
Tug,MARIEKE
Cargo,EMILIA
Tug,ODISSEY
Tug,BIZON-O-158
Unspecified,KRYSTYNA
Tug,KAPITAN MARTYSHKIN
Fishing,VALERIY DZHAPARIDZE
Fishing,NIVENSKOYE
Fishing,ATLANTIDA
Pleasure,KRUZENSHTERN
Cargo,OMSKIY-141
Tug,PLB DEFENDER
Cargo,SORMOVSKIY-3058
Cargo,BALTIYSK
Tug,TARNIKA
Tug,LOTSMAN-3
Tug,PIONER
Tug,TAYFUN
Tug,SIGULDA
Tug,TORNADO
Tug,SKRUNDA
Tug,ALEXANDR UVAROV
Tanker,DEYMA
Tanker,NEMAN
Tug,KUBAN
Tanker,RAMAVA
Tug,KOMMUNAR
Tug,LIGER
Passenger,NIDA
Tug,KENDRICK
Tug,GLANFORD
Tanker,BERGEN T
Tug,GLADIUS
Cargo,AMBAL
Cargo,SVYATITEL ALEKSIY
Unspecified,VEGA
Tug,ELENA
Cargo,RUSICH-10
Tanker,SALTSTRAUM
Cargo,SORMOVSKIY-3068
Tug,NEFTEGAZ-31
Tug,LOTSMAN SARZHIN
Cargo,SAMUR-3
Tug,YASNYY
Fishing,BRATYA STOYANOVY
Tug,REUSHINKA
Tug,ZORKIY
Tanker,NATALIJA GONCHAROVA
Cargo,SORMOVSKIY 3064
Cargo,IVAN SHCHEPETOV
Pleasure,SEDOV
Fishing,KAPITAN EDEMSKIY
Tug,RB-394
Tug,RB-395
Cargo,FEHN LIGHT
Cargo,NBP CARRIER
Cargo,KOZNITZA
Cargo,STRATEGIC ENCOUNTER
Tug,ERRIE
Cargo,AMERDIJK
Cargo,AKERDIJK
Cargo,OLGA
Tug,OLEG STRASHNOV
Unspecified,KAPITAN BELYAEV
Pleasure,BARRAKUDA
Tanker,ACQUAMARINA
Tug,RB-413
Tanker,MIDVOLGA-3
Pleasure,JOKER
Tug,NADEZHDA
Tug,GLADIATOR
Cargo,AFRICAN GROUSE
Cargo,AFRICAN MAGNOLIA
Tug,MB97
Tug,VODOLAZ GRITSAY
Tug,SPK-49150
Cargo,DELPHIS BOTHNIA
Fishing,STARYY ARBAT
Tug,NADEZHNIY
Cargo,MIRVA VG
Tug,FORTUNA
Tug,[SAT-AIS]
Cargo,KONYA
Cargo,ANGORA
Tug,AURA
Cargo,PRIMA FORTUNA
Cargo,LINDA
Unspecified,VTS KLAIPEDA
Unspecified,VTS 2770110
Tanker,LEENI
Cargo,EMSRUNNER
Tanker,KAPRIFOL
Cargo,CONTAINERSHIPS 6
Tanker,SEALING
Cargo,CEMSOL
Cargo,NAVI BALTIC
Cargo,MAUREEN S
Cargo,SPANACO FIDELITY
Cargo,RIG
Tanker,SEABASS
Cargo,HAUKUR
Cargo,VINGAREN
Tanker,BIRGIT KNUTSEN
Cargo,SAXUM
Cargo,MSC MANDRAKI
Cargo,ESL AFRICA
Cargo,SAFFIER
Cargo,DIJKSGRACHT
Cargo,VICTORIABORG
Cargo,ADAMAS
Cargo,JADE
Cargo,ZEALAND BEATRIX
Cargo,STRANDJA
Tanker,XANTHIA
Cargo,BIRYUZA
Fishing,NIKOLAY SOLODCHUK
Tanker,GRUMANT
Tug,SMILTE PILOT
Tug,LTU SAR SHIP SAKIAI
Tug,TAK-4
Fishing,DARIUS
Fishing,LBB-1010
Fishing,694
Fishing,100
Fishing,LBB 1113
Fishing,LBB 1107
Fishing,LBB 1032
Fishing,LBB 1094
Fishing,LBB 1044
Fishing,LBB 1066
Fishing,169
Fishing,652
Fishing,LBB-6931
Fishing,756
Fishing,ATLANT
Tug,PILOT DANGE
Passenger,PATRIA SEAWAYS
Tug,TAK-9
Tug,MINGE
Passenger,OPTIMA SEAWAYS
Pleasure,BRABANDER
Tug,KLASCO1
Cargo,BOTNIA SEAWAYS
Passenger,VICTORIA SEAWAYS
Tug,TAK-6
Tug,KLASCO2
Tug,MUSHA
Tug,SOLL TENGIZ
Tug,JURINIS
Tug,VEJUNAS
Passenger,REGINA SEAWAYS
Tug,PELICAN
Tug,LOTAS
Tug,NZ55
Passenger,ATHENA SEAWAYS
Cargo,HELGA
Cargo,ADELE
Cargo,FORSETI
Cargo,MISTRAL
Cargo,VITA
Cargo,BEKAU
Cargo,BALDER
Cargo,BRIGGA
Cargo,FRIGGA
Cargo,BF VICTORIA
Cargo,LYRA
Cargo,TRAVEBERG
Cargo,CEMISLE
Cargo,BOMAR MOON
Cargo,NBAAR MOON
Cargo,ANETTA
Cargo,WILSON ALSTER
Tanker,DAVINO D
Cargo,FRI STREAM
Tanker,ZAPADNYY
Cargo,AGOT
Cargo,GREEN ATLANTIC
Cargo,GALAN
Cargo,WINTER BAY
Cargo,GRAND
Cargo,AMATHUS
Tug,POSEIDON I
Cargo,PACIFIC CALM
Cargo,OCEAN RAINBOW
Cargo,BLUE CHIP
Cargo,LARGONA
Cargo,SAN REMO
Cargo,RUBYN
Cargo,GENCO RELIANCE
Cargo,AFRICAN CENDANA
Tanker,UZAVA
Tanker,NAVIG8 STRENGTH
Tanker,NAVIG8 UNIVERSE
Tanker,INDEPENDENCE
Cargo,THOR INTEGRITY
Cargo,IVS KITE
Tanker,SCF BALTICA
Cargo,USOLIE
Tanker,SAKURA PRINCESS
Tanker,GREEN PLANET
Cargo,VANTAGE WAVE
Tanker,SAMRAA ALKHALEEJ
Cargo,CONTAINERSHIPS VII
Tug,KLASCO-3
Tug,MINTIS
Cargo,TRUE LOVE
Tug,TAK-10
Tug,A.BARAUSKAS
Tug,TAK-11
Cargo,ALANA
Tanker,HAFNIA SUNDA
Tug,NATO WARSHIP M53
Tug,VAKARIS
Tug,T-2
Tug,T-3
Pleasure,LILIAN101
Pleasure,LT-12465
Cargo,POLA MUROM
Cargo,POLA UGLICH
Cargo,REINBEK
Cargo,FINNHAWK
Cargo,AUTO BAY
Cargo,FINNTIDE
Cargo,FINNWAVE
Cargo,FINNMILL
Cargo,SEAGARD
Cargo,EIRA
Unspecified,VTS 2734463
Unspecified,VTS 2734492
Cargo,BF CARTAGENA
Cargo,X-PRESS ETNA
Cargo,SOLONG
Cargo,VLADIMIR
Cargo,WMS GRONINGEN
Cargo,HEINRICH SCHEPERS
Cargo,NORDIC HAMBURG
Cargo,VARVARA
Cargo,BLUEBILL
Cargo,PIRITA
Tanker,BALTIC AMBITION
Cargo,RUTH
Cargo,BF FORTALEZA
Cargo,WILHELM
Cargo,BELBEK
Tanker,TEKOS
Passenger,PRINCESS ANASTASIA
Cargo,HENNEKE RAMBOW
Cargo,MISANA
Cargo,HVITANES
Cargo,SILVER PEARL
Cargo,EYSTNES
Tanker,CPO GERMANY
Cargo,STORTEBEKER
Cargo,FRI PORSGRUNN
Cargo,NORDEROOG
Cargo,SUEDEROOG
Cargo,HOOGE
Cargo,LISTER
Cargo,WYBELSUM
Tanker,ORAKAI
Cargo,NJORD
Cargo,TRICA
Cargo,PLYCA
Cargo,FAST HERMAN
Cargo,PITZTAL
Cargo,TERSCHELLING
Cargo,OOCL RAUMA
Cargo,ATLANTIC RUNNER
Tanker,BESIKTAS HALLAND
Cargo,KAPITAN MIRONOV
Cargo,KAPITAN YAKOVLEV
Cargo,KAIE
Tanker,BALTIC FROST
Cargo,KEGUMS
Tanker,EKEN
Tanker,EKFORS
Cargo,LAVAUX
Unspecified,TEST-0192
Tug,SEMYON DEZHNEV
Tug,IVAN KRUZENSHTERN
Tug,SAT AIS
Tug,KAPITAN NIKOLAEV
Pleasure,MIR
Tug,KAPITAN SOROKIN
Tug,ERMAK
Tanker,TAYMEN
Tug,GRIFON 5
Tanker,KOLA
Tug,VIKHREVOY
Tanker,AURA
Tug,MOSCHNYI
Tug,KAPITAN PLAKHIN
Cargo,SORMOVSKIY-3056
Cargo,OMSKIY-132
Tug,TYPHOON
Tug,GRIFON 3
Cargo,OMSKIY-134
Tanker,ABIGAIL
Tanker,ANGARA
Tug,AKMAL
Cargo,SORMOVSKIY-53
Unspecified,JIYA
Tug,BREST
Tug,KONSTANTIN
Tug,GRIFON7
Tanker,SULA
Tanker,VALERIY ZELENKO
Cargo,SERDOLIK
Tanker,GAZPROMNEFT WEST
Tanker,VOVAN
Tug,SANKT-PETERBURG
Cargo,NOVAYA ZEMLYA
Tanker,GAZPROMNEFT EAST
Cargo,SEVERNAYA ZEMLYA
Tanker,FREYA
Tanker,BALTIC EAGLE
Cargo,MODULUS 2
Cargo,LAZURITE
Tanker,SCF PECHORA
Tug,NEVSKAYA ZASTAVA
Tug,ARKTUR
Tug,ORION
Cargo,MIKHAIL LOMONOSOV
Unspecified,SPK-25
Cargo,BRIN NAVOLOK
Tanker,LOYA
Tanker,NIMBUS SPB
Tanker,FLANDRIYA
Passenger,MOSKVA-3
Tanker,ALEKSANDR GLUKHOV
Passenger,DUNAEVSKIY
Tanker,ALANA
Tanker,GAZPROMNEFT NORDWEST
Cargo,GEOR.POBEDONOSETS
Tug,DMITRY SIROTKIN
Tanker,GAZPROMNEFT NORD
Tanker,PEGAS
Passenger,VIKING HELGI
Passenger,VIKING INGVAR
Tanker,SESKAR
Tanker,DMITRIY RULEVSKIY
Tanker,NEVA LUX
Tanker,VELTA
Tug,BALTIETS
Tanker,NARVA
Tanker,SBORSHCHIK-3
Cargo,PL 2
Tug,SPK-1DMAG
Tug,GIBRALTAR
Tanker,BALTIC SEAGULL
Tanker,ECOMAR
Tug,MOSCHNIY
Tug,MERKURIY
Tug,MUSON
Tanker,DON
Tug,URAN
Tug,KARU
Tug,KAPITAN ZARUBIN
Tanker,SEVERYANKA
Tug,LOTSMAN FEDOROV
Tug,PROFESSOR LOGACHEV
Tug,AKADEMIK KARPINSKIY
Tug,BGK-326 RIF
Tanker,ELAND
Tanker,GOGLAND
Tug,BOGATYR 4
Tanker,KAP.PONIKAROVSKIY
Tanker,ARIES
Tug,RB-20
Unspecified,RB-27
Tug,MUDYUG
Fishing,ALBATROSS
Cargo,OSTEREMS
Cargo,PAULINE RUSS
Cargo,BOREAS
Cargo,FEHN POLLUX
Cargo,CHRISTOPHER
Cargo,WES AMELIE
Cargo,VIDFOSS
Cargo,SCA TUNADAL
Cargo,CONMAR AVENUE
Cargo,HOOD ISLAND
Cargo,AUTUMN WAVE
Cargo,DANUBE HIGHWAY
Cargo,VALENCIA EXPRESS
Cargo,DURBAN STAR
Cargo,ROZTOCZE
Cargo,AVELONA STAR
Cargo,MIKHAIL DUDIN
Cargo,MSC SANTHYA
Cargo,MSC SABRINA
Cargo,NIKOLAS
Cargo,CITY OF ROTTERDAM
Cargo,ALMENDRO
Cargo,BALTIC PRIME
Cargo,KNOSSOS
Cargo,MAERSK NIAMEY
Cargo,PORT ALFRED
Cargo,ICE RIVER
Cargo,BOMAR VALOUR
Cargo,ADASTRA
Cargo,ZENIT
Cargo,AALDERDIJK
Cargo,ALLEGRA
Cargo,BALTIC HEATHER
Cargo,BALTIC PIONEER
Cargo,BALTIC PATRIOT
Cargo,BALTIC PERFORMER
Cargo,. PRINCE OF WAVES
Cargo,PRINCE OF WAVES
Cargo,ATLANTIC NAVIGATORII
Cargo,INA LOTTE
Cargo,PACIFIC WINTER
Cargo,BARMBEK
Cargo,PAPUA
Cargo,E.R. VISBY
Cargo,CHARLOTTA B
Navigation,ST.-PETERSBURG PT LE
Tug,SVIR
Tug,LOOKMAN
Cargo,SVISLOCH
Tug,GRIPHON 8
Navigation,35
Navigation,36
Tanker,KEILA
Tanker,SBORSCHIK-1
Cargo,CHAROITE
Cargo,PRINCESSE OUI
Tanker,SKAT
Cargo,ZHEN ZHU HAI
Tug,MB-96
Tug,VLADIVOSTOK
Tug,MURMANSK
Tug,C
Tanker,ZANA
Tanker,RONDO
Tanker,SLV-415
Cargo,SAT AIS
Cargo,FEDERAL CEDAR
Tanker,MUDYU
Tug,RRRRGSDGSD
Tug,ELBRUS
Pleasure,FITTER WORKSHOP
Cargo,FITTER
Passenger,KONEVETS
Passenger,FITTER W
Unspecified,TST12
Cargo,BOMAR VANQUISH
Fishing,SUJINYU00618
Unspecified,BLACKPEARL 7.7V
Unspecified,BLACKPEARL 7.6V
Unspecified,BLACKPEARL 7.8V
Unspecified,BLACKPEARL 7.5V
Unspecified,BLACKPEARL 7.4V
Unspecified,BLACKPEARL 7.3V
Tug,REDUT
